Carpeta,Archivo,Descripción,Origen
cofres,cofre_cultivos.png,Cofre de pistas por código,Propio — generado por código (Canvas)
cofres,cofre_embalse.png,Cofre de pistas por código,Propio — generado por código (Canvas)
cofres,cofre_paramo.png,Cofre de pistas por código,Propio — generado por código (Canvas)
enemigos,enemigo_n1_el_contaminador.png,Anti-héroe temático por código,Propio — generado por código (Canvas)
enemigos,enemigo_n1_el_quemador.png,Anti-héroe temático por código,Propio — generado por código (Canvas)
enemigos,enemigo_n1_el_talador.png,Anti-héroe temático por código,Propio — generado por código (Canvas)
enemigos,enemigo_n1_la_helada_negra.png,Anti-héroe temático por código,Propio — generado por código (Canvas)
enemigos,enemigo_n2_el_agrotoxico.png,Anti-héroe temático por código,Propio — generado por código (Canvas)
enemigos,enemigo_n2_el_quema_cosechas.png,Anti-héroe temático por código,Propio — generado por código (Canvas)
enemigos,enemigo_n2_la_fuga.png,Anti-héroe temático por código,Propio — generado por código (Canvas)
enemigos,enemigo_n2_la_plaga.png,Anti-héroe temático por código,Propio — generado por código (Canvas)
enemigos,enemigo_n3_el_apagon.png,Anti-héroe temático por código,Propio — generado por código (Canvas)
enemigos,enemigo_n3_el_cortocircuito.png,Anti-héroe temático por código,Propio — generado por código (Canvas)
enemigos,enemigo_n3_el_derroche.png,Anti-héroe temático por código,Propio — generado por código (Canvas)
enemigos,enemigo_n3_la_sobrecarga.png,Anti-héroe temático por código,Propio — generado por código (Canvas)
escenarios,escenario_cultivos.png,Fondo de nivel dibujado por código (Canvas),Propio — generado por código (Canvas)
escenarios,escenario_embalse.png,Fondo de nivel dibujado por código (Canvas),Propio — generado por código (Canvas)
escenarios,escenario_paramo.png,Fondo de nivel dibujado por código (Canvas),Propio — generado por código (Canvas)
fauna,fauna_condor.png,Animal del ecosistema por código (animado en el juego),Propio — generado por código (Canvas)
fauna,fauna_conejo.png,Animal del ecosistema por código (animado en el juego),Propio — generado por código (Canvas)
fauna,fauna_gallina.png,Animal del ecosistema por código (animado en el juego),Propio — generado por código (Canvas)
fauna,fauna_garza.png,Animal del ecosistema por código (animado en el juego),Propio — generado por código (Canvas)
fauna,fauna_mariposa.png,Animal del ecosistema por código (animado en el juego),Propio — generado por código (Canvas)
fauna,fauna_oso_de_anteojos.png,Animal del ecosistema por código (animado en el juego),Propio — generado por código (Canvas)
fauna,fauna_pato.png,Animal del ecosistema por código (animado en el juego),Propio — generado por código (Canvas)
fauna,fauna_vaca.png,Animal del ecosistema por código (animado en el juego),Propio — generado por código (Canvas)
fauna,fauna_venado.png,Animal del ecosistema por código (animado en el juego),Propio — generado por código (Canvas)
imagenes_ia,ficha_personaje_referencia.jpg,Imagen de apoyo generada con IA (ver Formato de uso de IA),Generado con IA
imagenes_ia,hoja_sprites_1_referencia.jpg,Imagen de apoyo generada con IA (ver Formato de uso de IA),Generado con IA
imagenes_ia,hoja_sprites_2_referencia.jpg,Imagen de apoyo generada con IA (ver Formato de uso de IA),Generado con IA
imagenes_ia,personaje_intro_animado.png,Imagen de apoyo generada con IA (ver Formato de uso de IA),Generado con IA
imagenes_ia,poster_precarga.jpg,Imagen de apoyo generada con IA (ver Formato de uso de IA),Generado con IA
items,item_alas.png,Ítem/power-up por código,Propio — generado por código (Canvas)
items,item_arma.png,Ítem/power-up por código,Propio — generado por código (Canvas)
items,item_armadura.png,Ítem/power-up por código,Propio — generado por código (Canvas)
items,item_caja_estrella.png,Ítem/power-up por código,Propio — generado por código (Canvas)
items,item_corazon.png,Ítem/power-up por código,Propio — generado por código (Canvas)
items,item_escudo.png,Ítem/power-up por código,Propio — generado por código (Canvas)
items,item_portal.png,Ítem/power-up por código,Propio — generado por código (Canvas)
objetos_del_saber,saber_01_fabricas_de_agua.png,Objeto del saber: ícono de la pregunta en marco luminoso (por código),Propio — generado por código (Canvas)
objetos_del_saber,saber_02_el_frailejon.png,Objeto del saber: ícono de la pregunta en marco luminoso (por código),Propio — generado por código (Canvas)
objetos_del_saber,saber_03_el_fenomeno_del_nino.png,Objeto del saber: ícono de la pregunta en marco luminoso (por código),Propio — generado por código (Canvas)
objetos_del_saber,saber_04_fauna_guardiana.png,Objeto del saber: ícono de la pregunta en marco luminoso (por código),Propio — generado por código (Canvas)
objetos_del_saber,saber_05_agua_de_todos.png,Objeto del saber: ícono de la pregunta en marco luminoso (por código),Propio — generado por código (Canvas)
objetos_del_saber,saber_06_amenazas.png,Objeto del saber: ícono de la pregunta en marco luminoso (por código),Propio — generado por código (Canvas)
objetos_del_saber,saber_07_restauracion.png,Objeto del saber: ícono de la pregunta en marco luminoso (por código),Propio — generado por código (Canvas)
objetos_del_saber,saber_08_nacimientos_de_agua.png,Objeto del saber: ícono de la pregunta en marco luminoso (por código),Propio — generado por código (Canvas)
objetos_del_saber,saber_09_cosecha_de_lluvia.png,Objeto del saber: ícono de la pregunta en marco luminoso (por código),Propio — generado por código (Canvas)
objetos_del_saber,saber_10_el_jaguey.png,Objeto del saber: ícono de la pregunta en marco luminoso (por código),Propio — generado por código (Canvas)
objetos_del_saber,saber_11_cultivos_en_sequia.png,Objeto del saber: ícono de la pregunta en marco luminoso (por código),Propio — generado por código (Canvas)
objetos_del_saber,saber_12_pronostico_climatico.png,Objeto del saber: ícono de la pregunta en marco luminoso (por código),Propio — generado por código (Canvas)
objetos_del_saber,saber_13_suelo_vivo.png,Objeto del saber: ícono de la pregunta en marco luminoso (por código),Propio — generado por código (Canvas)
objetos_del_saber,saber_14_mal_uso_del_agua.png,Objeto del saber: ícono de la pregunta en marco luminoso (por código),Propio — generado por código (Canvas)
objetos_del_saber,saber_15_energia_hidrica.png,Objeto del saber: ícono de la pregunta en marco luminoso (por código),Propio — generado por código (Canvas)
objetos_del_saber,saber_16_matriz_electrica.png,Objeto del saber: ícono de la pregunta en marco luminoso (por código),Propio — generado por código (Canvas)
objetos_del_saber,saber_17_los_embalses.png,Objeto del saber: ícono de la pregunta en marco luminoso (por código),Propio — generado por código (Canvas)
objetos_del_saber,saber_18_el_nino_y_la_energia.png,Objeto del saber: ícono de la pregunta en marco luminoso (por código),Propio — generado por código (Canvas)
objetos_del_saber,saber_19_el_apagon.png,Objeto del saber: ícono de la pregunta en marco luminoso (por código),Propio — generado por código (Canvas)
objetos_del_saber,saber_20_nexo_agua_energia.png,Objeto del saber: ícono de la pregunta en marco luminoso (por código),Propio — generado por código (Canvas)
objetos_del_saber,saber_21_ahorro_en_casa.png,Objeto del saber: ícono de la pregunta en marco luminoso (por código),Propio — generado por código (Canvas)
objetos_del_saber,saber_22_lider_ambiental.png,Objeto del saber: ícono de la pregunta en marco luminoso (por código),Propio — generado por código (Canvas)
personaje,personaje_corre.png,Sprite del protagonista (Líder Transformador) por código,Propio — generado por código (Canvas)
personaje,personaje_idle.png,Sprite del protagonista (Líder Transformador) por código,Propio — generado por código (Canvas)
personaje,personaje_salta.png,Sprite del protagonista (Líder Transformador) por código,Propio — generado por código (Canvas)
